<?xml version = '1.0' encoding = 'UTF-8'?>
<relationalModel class="oracle.dbtools.crest.model.design.relational.RelationalDesign" name="Relational_1" id="6B399640-2BE2-3C43-0D34-4326E5A9AB6D" mainViewID="B7CA07E3-4F4C-3F3F-6C03-ACE6967ACC92">
<createdBy>Helio</createdBy>
<createdTime>2022-10-24 20:37:00 UTC</createdTime>
<ownerDesignName>SQL DTM AGENDA</ownerDesignName>
<shouldBeOpen>false</shouldBeOpen>
<selectedRDBMSSite>32076570-2523-435C-2E92-BF29817DFF70</selectedRDBMSSite>
</relationalModel>