<?xml version = '1.0' encoding = 'UTF-8'?>
<Relation class="oracle.dbtools.crest.model.design.logical.Relation" name="Relation_4" directorySegmentName="seg_0" id="67E40F74-3E13-7762-615E-18F7E6687CCF">
<createdBy>Helio</createdBy>
<createdTime>2022-10-24 21:05:52 UTC</createdTime>
<ownerDesignName>SQL DTM AGENDA</ownerDesignName>
<engineerTo>
<item key="6B399640-2BE2-3C43-0D34-4326E5A9AB6D" value="true"/>
</engineerTo>
<sourcePk>FF860F2A-11AF-5FBC-680D-7AFB52762214</sourcePk>
<dominantRole>00F4B74F-4CEC-8398-E4DB-3C8AC4C55623</dominantRole>
<identifying>false</identifying>
<optionalSource>false</optionalSource>
<optionalTarget>false</optionalTarget>
<sourceCardinality>1</sourceCardinality>
<sourceEntity>00F4B74F-4CEC-8398-E4DB-3C8AC4C55623</sourceEntity>
<targetCardinalityString>1</targetCardinalityString>
<targetEntity>0F5D2260-C4F1-E302-2354-6440BE22CEE3</targetEntity>
<transferable>true</transferable>
<deleteRule>NO ACTION</deleteRule>
</Relation>