<?xml version = '1.0' encoding = 'UTF-8'?>
<Entity class="oracle.dbtools.crest.model.design.logical.Entity" directorySegmentName="seg_0" id="35347D6A-271F-D279-7AF4-541AADF17B27" name="T_USUÁRIO">
<createdBy>Helio</createdBy>
<createdTime>2022-11-11 22:14:02 UTC</createdTime>
<ownerDesignName>fintech DB</ownerDesignName>
<engineerTo>
<item key="D009A703-A3CD-6C88-9BF7-8EE78059F6EB" value="true"/>
</engineerTo>
<adequatelyNormalized>NO</adequatelyNormalized>
<expectedVolumes>0</expectedVolumes>
<fwdEngineeringStrategyName>Single Table</fwdEngineeringStrategyName>
<growthPercent>0</growthPercent>
<growthType>Year</growthType>
<maxVolumes>9999999</maxVolumes>
<minVolumes>0</minVolumes>
<normalForm>Third</normalForm>
<attributes itemClass="oracle.dbtools.crest.model.design.logical.Attribute">
<Attribute name="nm_usuário" id="DC4ECDAB-3BC4-D9EB-E2F6-494B14E51DD1">
<createdBy>Helio</createdBy>
<createdTime>2022-11-11 22:14:28 UTC</createdTime>
<ownerDesignName>fintech DB</ownerDesignName>
<engineerTo>
<item key="D009A703-A3CD-6C88-9BF7-8EE78059F6EB" value="true"/>
</engineerTo>
<useDomainConstraints>false</useDomainConstraints>
<use>1</use>
<logicalDatatype>LOGDT024</logicalDatatype>
<dataTypeSize>30</dataTypeSize>
<ownDataTypeParameters>30,,</ownDataTypeParameters>
</Attribute>
<Attribute name="nm_banco" id="193F249F-E21F-80BD-BE30-608361BA8579">
<createdBy>Helio</createdBy>
<createdTime>2022-11-11 22:23:02 UTC</createdTime>
<ownerDesignName>fintech DB</ownerDesignName>
<engineerTo>
<item key="D009A703-A3CD-6C88-9BF7-8EE78059F6EB" value="true"/>
</engineerTo>
<useDomainConstraints>false</useDomainConstraints>
<use>1</use>
<logicalDatatype>LOGDT024</logicalDatatype>
<dataTypeSize>30</dataTypeSize>
<ownDataTypeParameters>30,,</ownDataTypeParameters>
</Attribute>
<Attribute name="nr_rendames" id="227FE9B9-2DA5-4F49-EFE4-9B197A352FE8">
<createdBy>Helio</createdBy>
<createdTime>2022-11-11 22:23:25 UTC</createdTime>
<ownerDesignName>fintech DB</ownerDesignName>
<engineerTo>
<item key="D009A703-A3CD-6C88-9BF7-8EE78059F6EB" value="true"/>
</engineerTo>
<useDomainConstraints>false</useDomainConstraints>
<use>1</use>
<logicalDatatype>LOGDT019</logicalDatatype>
<ownDataTypeParameters>,,</ownDataTypeParameters>
</Attribute>
</attributes>
<identifiers itemClass="oracle.dbtools.crest.model.design.logical.CandidateKey">
<identifier id="04EF2612-A7F1-4AFC-26FE-E97BA81733CE" name="T_USUÁRIO PK">
<createdBy>Helio</createdBy>
<createdTime>2022-11-11 22:14:40 UTC</createdTime>
<ownerDesignName>fintech DB</ownerDesignName>
<engineerTo>
<item key="D009A703-A3CD-6C88-9BF7-8EE78059F6EB" value="true"/>
</engineerTo>
<pk>true</pk>
<usedAttributes>
<attributeRef>DC4ECDAB-3BC4-D9EB-E2F6-494B14E51DD1</attributeRef>
</usedAttributes>
</identifier>
</identifiers>
</Entity>