<?xml version = '1.0' encoding = 'UTF-8'?>
<Entity class="oracle.dbtools.crest.model.design.logical.Entity" directorySegmentName="seg_0" id="4A102478-6BF8-318D-7D9A-CDA1621FABC4" name="T_META">
<createdBy>Helio</createdBy>
<createdTime>2022-11-11 22:17:53 UTC</createdTime>
<ownerDesignName>fintech DB</ownerDesignName>
<engineerTo>
<item key="D009A703-A3CD-6C88-9BF7-8EE78059F6EB" value="true"/>
</engineerTo>
<adequatelyNormalized>NO</adequatelyNormalized>
<expectedVolumes>0</expectedVolumes>
<fwdEngineeringStrategyName>Single Table</fwdEngineeringStrategyName>
<growthPercent>0</growthPercent>
<growthType>Year</growthType>
<maxVolumes>9999999</maxVolumes>
<minVolumes>0</minVolumes>
<normalForm>Third</normalForm>
<attributes itemClass="oracle.dbtools.crest.model.design.logical.Attribute">
<Attribute name="nr_meta01" id="7666638B-1D50-7CC5-6F29-5E970BD38BFF">
<createdBy>Helio</createdBy>
<createdTime>2022-11-11 22:18:11 UTC</createdTime>
<ownerDesignName>fintech DB</ownerDesignName>
<engineerTo>
<item key="D009A703-A3CD-6C88-9BF7-8EE78059F6EB" value="true"/>
</engineerTo>
<useDomainConstraints>false</useDomainConstraints>
<use>1</use>
<logicalDatatype>LOGDT019</logicalDatatype>
<ownDataTypeParameters>,,</ownDataTypeParameters>
</Attribute>
<Attribute name="nr_meta02" id="D5A55F90-2478-34B3-EECD-1D40E147A0D5">
<createdBy>Helio</createdBy>
<createdTime>2022-11-11 22:19:31 UTC</createdTime>
<ownerDesignName>fintech DB</ownerDesignName>
<engineerTo>
<item key="D009A703-A3CD-6C88-9BF7-8EE78059F6EB" value="true"/>
</engineerTo>
<nullsAllowed>true</nullsAllowed>
<useDomainConstraints>false</useDomainConstraints>
<use>1</use>
<logicalDatatype>LOGDT019</logicalDatatype>
<ownDataTypeParameters>,,</ownDataTypeParameters>
</Attribute>
<Attribute name="nr_meta03" id="A23A3682-8FBE-39D4-E9B5-A4C772E7E04D">
<createdBy>Helio</createdBy>
<createdTime>2022-11-11 22:19:50 UTC</createdTime>
<ownerDesignName>fintech DB</ownerDesignName>
<engineerTo>
<item key="D009A703-A3CD-6C88-9BF7-8EE78059F6EB" value="true"/>
</engineerTo>
<nullsAllowed>true</nullsAllowed>
<useDomainConstraints>false</useDomainConstraints>
<use>1</use>
<logicalDatatype>LOGDT019</logicalDatatype>
<ownDataTypeParameters>,,</ownDataTypeParameters>
</Attribute>
<Attribute name="nm_usuário" id="BF7571D5-C8D0-AA55-B707-7506C34ABD80">
<createdBy>Helio</createdBy>
<createdTime>2022-11-11 22:20:18 UTC</createdTime>
<generatorID>8DA72553-85C7-4985-5CDB-7E959AEC6E16</generatorID>
<ownerDesignName>fintech DB</ownerDesignName>
<engineerTo>
<item key="D009A703-A3CD-6C88-9BF7-8EE78059F6EB" value="true"/>
</engineerTo>
<referedAttribute>DC4ECDAB-3BC4-D9EB-E2F6-494B14E51DD1</referedAttribute>
<useDomainConstraints>false</useDomainConstraints>
<use>1</use>
<logicalDatatype>LOGDT024</logicalDatatype>
<dataTypeSize>30</dataTypeSize>
<ownDataTypeParameters>,,</ownDataTypeParameters>
</Attribute>
</attributes>
<identifiers itemClass="oracle.dbtools.crest.model.design.logical.CandidateKey">
<identifier id="573F9A98-E804-44D1-DEFA-09C215EED1E5" name="T_META PK">
<createdBy>Helio</createdBy>
<createdTime>2022-11-11 22:22:01 UTC</createdTime>
<ownerDesignName>fintech DB</ownerDesignName>
<engineerTo>
<item key="D009A703-A3CD-6C88-9BF7-8EE78059F6EB" value="true"/>
</engineerTo>
<pk>true</pk>
<usedAttributes>
<attributeRef>BF7571D5-C8D0-AA55-B707-7506C34ABD80</attributeRef>
</usedAttributes>
</identifier>
</identifiers>
</Entity>