<?xml version = '1.0' encoding = 'UTF-8'?>
<Entity class="oracle.dbtools.crest.model.design.logical.Entity" directorySegmentName="seg_0" id="F61BCED4-B2FF-681E-3AF7-E10D10CE7410" name="T_GASTO_MENSAL">
<createdBy>Helio</createdBy>
<createdTime>2022-11-11 22:18:40 UTC</createdTime>
<ownerDesignName>fintech DB</ownerDesignName>
<engineerTo>
<item key="D009A703-A3CD-6C88-9BF7-8EE78059F6EB" value="true"/>
</engineerTo>
<adequatelyNormalized>NO</adequatelyNormalized>
<expectedVolumes>0</expectedVolumes>
<fwdEngineeringStrategyName>Single Table</fwdEngineeringStrategyName>
<growthPercent>0</growthPercent>
<growthType>Year</growthType>
<maxVolumes>9999999</maxVolumes>
<minVolumes>0</minVolumes>
<normalForm>Third</normalForm>
<attributes itemClass="oracle.dbtools.crest.model.design.logical.Attribute">
<Attribute name="nm_usuário" id="13786E5C-B407-BAD8-2BDC-02F137604135">
<createdBy>Helio</createdBy>
<createdTime>2022-11-11 22:21:16 UTC</createdTime>
<generatorID>6BAA2414-A863-3BF4-EA86-CEFBCE2D7607</generatorID>
<ownerDesignName>fintech DB</ownerDesignName>
<engineerTo>
<item key="D009A703-A3CD-6C88-9BF7-8EE78059F6EB" value="true"/>
</engineerTo>
<referedAttribute>DC4ECDAB-3BC4-D9EB-E2F6-494B14E51DD1</referedAttribute>
<useDomainConstraints>false</useDomainConstraints>
<use>1</use>
<logicalDatatype>LOGDT024</logicalDatatype>
<dataTypeSize>30</dataTypeSize>
<ownDataTypeParameters>,,</ownDataTypeParameters>
</Attribute>
<Attribute name="nr_gasto01" id="CA816EE6-8292-59C1-531A-65EB4C25A579">
<createdBy>Helio</createdBy>
<createdTime>2022-11-11 22:24:18 UTC</createdTime>
<ownerDesignName>fintech DB</ownerDesignName>
<engineerTo>
<item key="D009A703-A3CD-6C88-9BF7-8EE78059F6EB" value="true"/>
</engineerTo>
<nullsAllowed>true</nullsAllowed>
<useDomainConstraints>false</useDomainConstraints>
<use>1</use>
<logicalDatatype>LOGDT019</logicalDatatype>
<ownDataTypeParameters>,,</ownDataTypeParameters>
</Attribute>
<Attribute name="nr_gasto02" id="B4D51AA3-731E-66E7-B4D7-0EC5B6DAE299">
<createdBy>Helio</createdBy>
<createdTime>2022-11-11 22:24:52 UTC</createdTime>
<ownerDesignName>fintech DB</ownerDesignName>
<engineerTo>
<item key="D009A703-A3CD-6C88-9BF7-8EE78059F6EB" value="true"/>
</engineerTo>
<nullsAllowed>true</nullsAllowed>
<useDomainConstraints>false</useDomainConstraints>
<use>1</use>
<logicalDatatype>LOGDT019</logicalDatatype>
<ownDataTypeParameters>,,</ownDataTypeParameters>
</Attribute>
<Attribute name="nr_gasto03" id="C8FCF43E-D447-4CF2-1680-47ED1E90DB25">
<createdBy>Helio</createdBy>
<createdTime>2022-11-11 22:25:02 UTC</createdTime>
<ownerDesignName>fintech DB</ownerDesignName>
<engineerTo>
<item key="D009A703-A3CD-6C88-9BF7-8EE78059F6EB" value="true"/>
</engineerTo>
<nullsAllowed>true</nullsAllowed>
<useDomainConstraints>false</useDomainConstraints>
<use>1</use>
<logicalDatatype>LOGDT019</logicalDatatype>
<ownDataTypeParameters>,,</ownDataTypeParameters>
</Attribute>
</attributes>
<identifiers itemClass="oracle.dbtools.crest.model.design.logical.CandidateKey">
<identifier id="872448EE-78B1-6C1F-60AE-C9E0DC63C1FF" name="T_GASTO_MENSAL PK">
<createdBy>Helio</createdBy>
<createdTime>2022-11-11 22:21:55 UTC</createdTime>
<ownerDesignName>fintech DB</ownerDesignName>
<engineerTo>
<item key="D009A703-A3CD-6C88-9BF7-8EE78059F6EB" value="true"/>
</engineerTo>
<pk>true</pk>
<usedAttributes>
<attributeRef>13786E5C-B407-BAD8-2BDC-02F137604135</attributeRef>
</usedAttributes>
</identifier>
</identifiers>
</Entity>